bank,keyword,theme
com.combanketh.mobilebanking,good,Other
com.combanketh.mobilebanking,app,Other
com.combanketh.mobilebanking,nice,Other
com.combanketh.mobilebanking,best,Other
com.combanketh.mobilebanking,good app,Other
com.combanketh.mobilebanking,use,Other
com.combanketh.mobilebanking,like,Other
com.combanketh.mobilebanking,cbe,Other
com.combanketh.mobilebanking,ok,Other
com.combanketh.mobilebanking,excellent,Other
com.combanketh.mobilebanking,nice app,Other
com.combanketh.mobilebanking,great,Other
com.combanketh.mobilebanking,easy,Other
com.combanketh.mobilebanking,best app,Other
com.combanketh.mobilebanking,wow,Other
com.combanketh.mobilebanking,application,Other
com.combanketh.mobilebanking,bank,Other
com.combanketh.mobilebanking,working,Other
com.combanketh.mobilebanking,update,Features / Requests
com.combanketh.mobilebanking,fast,Other
com.combanketh.mobilebanking,work,Other
com.combanketh.mobilebanking,service,Customer Support
com.combanketh.mobilebanking,easy use,UI/UX
com.combanketh.mobilebanking,thank,Other
com.combanketh.mobilebanking,love,Other
com.combanketh.mobilebanking,banking,Other
com.combanketh.mobilebanking,time,Other
com.combanketh.mobilebanking,amazing,Other
com.combanketh.mobilebanking,transaction,Other
com.combanketh.mobilebanking,bad,Other
com.combanketh.mobilebanking,mobile,Other
com.combanketh.mobilebanking,thanks,Other
com.combanketh.mobilebanking,great app,Other
com.combanketh.mobilebanking,simple,Other
com.combanketh.mobilebanking,money,Other
com.combanketh.mobilebanking,better,Other
com.combanketh.mobilebanking,transfer,Transaction Performance
com.combanketh.mobilebanking,account,Other
com.combanketh.mobilebanking,perfect,Other
com.combanketh.mobilebanking,doesn,Other
com.boa.boaMobileBanking,good,Other
com.boa.boaMobileBanking,app,Other
com.boa.boaMobileBanking,best,Other
com.boa.boaMobileBanking,nice,Other
com.boa.boaMobileBanking,working,Other
com.boa.boaMobileBanking,boa,Other
com.boa.boaMobileBanking,bank,Other
com.boa.boaMobileBanking,work,Other
com.boa.boaMobileBanking,good app,Other
com.boa.boaMobileBanking,worst,Other
com.boa.boaMobileBanking,banking,Other
com.boa.boaMobileBanking,mobile,Other
com.boa.boaMobileBanking,great,Other
com.boa.boaMobileBanking,excellent,Other
com.boa.boaMobileBanking,like,Other
com.boa.boaMobileBanking,ok,Other
com.boa.boaMobileBanking,doesn,Other
com.boa.boaMobileBanking,bad,Other
com.boa.boaMobileBanking,use,Other
com.boa.boaMobileBanking,update,Features / Requests
com.boa.boaMobileBanking,wow,Other
com.boa.boaMobileBanking,slow,Transaction Performance
com.boa.boaMobileBanking,time,Other
com.boa.boaMobileBanking,best app,Other
com.boa.boaMobileBanking,application,Other
com.boa.boaMobileBanking,doesn work,Other
com.boa.boaMobileBanking,mobile banking,Other
com.boa.boaMobileBanking,fast,Other
com.boa.boaMobileBanking,service,Customer Support
com.boa.boaMobileBanking,open,Other
com.boa.boaMobileBanking,ነው,Other
com.boa.boaMobileBanking,fix,Other
com.boa.boaMobileBanking,worst app,Other
com.boa.boaMobileBanking,poor,Other
com.boa.boaMobileBanking,banking app,Other
com.boa.boaMobileBanking,crashes,Other
com.boa.boaMobileBanking,thank,Other
com.boa.boaMobileBanking,better,Other
com.boa.boaMobileBanking,easy,Other
com.boa.boaMobileBanking,developer,Other
com.dashen.dashensuperapp,good,Other
com.dashen.dashensuperapp,app,Other
com.dashen.dashensuperapp,best,Other
com.dashen.dashensuperapp,nice,Other
com.dashen.dashensuperapp,wow,Other
com.dashen.dashensuperapp,dashen,Other
com.dashen.dashensuperapp,bank,Other
com.dashen.dashensuperapp,super,Other
com.dashen.dashensuperapp,amazing,Other
com.dashen.dashensuperapp,fast,Other
com.dashen.dashensuperapp,easy,Other
com.dashen.dashensuperapp,use,Other
com.dashen.dashensuperapp,banking,Other
com.dashen.dashensuperapp,ok,Other
com.dashen.dashensuperapp,super app,Other
com.dashen.dashensuperapp,dashen bank,Other
com.dashen.dashensuperapp,application,Other
com.dashen.dashensuperapp,great,Other
com.dashen.dashensuperapp,best app,Other
com.dashen.dashensuperapp,excellent,Other
com.dashen.dashensuperapp,nice app,Other
com.dashen.dashensuperapp,slow,Transaction Performance
com.dashen.dashensuperapp,like,Other
com.dashen.dashensuperapp,step,Other
com.dashen.dashensuperapp,user,Other
com.dashen.dashensuperapp,easy use,UI/UX
com.dashen.dashensuperapp,ahead,Other
com.dashen.dashensuperapp,features,Other
com.dashen.dashensuperapp,working,Other
com.dashen.dashensuperapp,mobile,Other
com.dashen.dashensuperapp,good app,Other
com.dashen.dashensuperapp,amazing app,Other
com.dashen.dashensuperapp,experience,Other
com.dashen.dashensuperapp,friendly,Other
com.dashen.dashensuperapp,step ahead,Other
com.dashen.dashensuperapp,love,Other
com.dashen.dashensuperapp,really,Other
com.dashen.dashensuperapp,work,Other
com.dashen.dashensuperapp,transaction,Other
com.dashen.dashensuperapp,time,Other
